Goddess,https://www.lushusa.com/dw/image/v2/AAHL_PRD/on/demandware.static/-/Sites-lushcosmetics-export/default/dw74c034d8/images/product/08821.jpg?sw=280
,
Harajuku,https://www.lushusa.com/dw/image/v2/AAHL_PRD/on/demandware.static/-/Sites-lushcosmetics-export/default/dw81f69ab3/images/product/08927.jpg?sw=280
,
Kitsune,https://www.lushusa.com/dw/image/v2/AAHL_PRD/on/demandware.static/-/Sites-lushcosmetics-export/default/dw9035645a/images/product/08926.jpg?sw=280
,
Tadaima Okaeri,https://www.lushusa.com/dw/image/v2/AAHL_PRD/on/demandware.static/-/Sites-lushcosmetics-export/default/dw57a15718/images/product/08930.jpg?sw=280
,
Hulder,https://www.lushusa.com/dw/image/v2/AAHL_PRD/on/demandware.static/-/Sites-lushcosmetics-export/default/dw5dbf57c5/images/product/08928.jpg?sw=280
,
Royalty,https://www.lushusa.com/dw/image/v2/AAHL_PRD/on/demandware.static/-/Sites-lushcosmetics-export/default/dw30462129/images/product/08931.jpg?sw=280
,
Star Spell,https://www.lushusa.com/dw/image/v2/AAHL_PRD/on/demandware.static/-/Sites-lushcosmetics-export/default/dw59d9b5f1/images/product/09113_b.jpg?sw=280
,
Moon Spell,https://www.lushusa.com/dw/image/v2/AAHL_PRD/on/demandware.static/-/Sites-lushcosmetics-export/default/dwdff09819/images/product/09111_b.jpg?sw=280
,
Groovy Kind Of Love,https://www.lushusa.com/dw/image/v2/AAHL_PRD/on/demandware.static/-/Sites-lushcosmetics-export/default/dw1775cccb/images/product/09141.jpg?sw=280
,
Strawberries & Cream,https://www.lushusa.com/dw/image/v2/AAHL_PRD/on/demandware.static/-/Sites-lushcosmetics-export/default/dw26b5e314/images/product/09142.jpg?sw=280
,
Pirates Of The Carrageenan,https://www.lushusa.com/dw/image/v2/AAHL_PRD/on/demandware.static/-/Sites-lushcosmetics-export/default/dw643ccd6c/images/product/09138.jpg?sw=280
,
Geode,https://www.lushusa.com/dw/image/v2/AAHL_PRD/on/demandware.static/-/Sites-lushcosmetics-export/default/dwa19d98d3/images/product/09147.jpg?sw=280
,
Seaweed Giant Bombshell,https://www.lushusa.com/dw/image/v2/AAHL_PRD/on/demandware.static/-/Sites-lushcosmetics-export/default/dw317f0b86/images/product/09030_b.jpg?sw=280
,
Fruity Giant Bombshell,https://www.lushusa.com/dw/image/v2/AAHL_PRD/on/demandware.static/-/Sites-lushcosmetics-export/default/dwb95ba6ec/images/product/09034_b.jpg?sw=280
,
Sea Salt Giant Bombshell,https://www.lushusa.com/dw/image/v2/AAHL_PRD/on/demandware.static/-/Sites-lushcosmetics-export/default/dw3623e0fd/images/product/09143_b.jpg?sw=280
,
Lavender Giant Bombshell,https://www.lushusa.com/dw/image/v2/AAHL_PRD/on/demandware.static/-/Sites-lushcosmetics-export/default/dw9b6cc3b0/images/product/09144_b.jpg?sw=280
,
Ginger Ninja,https://www.lushusa.com/dw/image/v2/AAHL_PRD/on/demandware.static/-/Sites-lushcosmetics-export/default/dw5cb8a11e/images/product/09131.jpg?sw=280
,
Lucky Cat,https://www.lushusa.com/dw/image/v2/AAHL_PRD/on/demandware.static/-/Sites-lushcosmetics-export/default/dwb61299a4/images/product/09133.jpg?sw=280
,
Shijimi Butterfly,https://www.lushusa.com/dw/image/v2/AAHL_PRD/on/demandware.static/-/Sites-lushcosmetics-export/default/dw5f279043/images/product/09191.jpg?sw=280
,
Yokozuna,https://www.lushusa.com/dw/image/v2/AAHL_PRD/on/demandware.static/-/Sites-lushcosmetics-export/default/dwdb762801/images/product/09190.jpg?sw=280
,
Flower Power,https://www.lushusa.com/dw/image/v2/AAHL_PRD/on/demandware.static/-/Sites-lushcosmetics-export/default/dwef05f2cf/images/product/09192.jpg?sw=280
,
Goldrush,https://www.lushusa.com/dw/image/v2/AAHL_PRD/on/demandware.static/-/Sites-lushcosmetics-export/default/dw5e942f3c/images/product/09135.jpg?sw=280
,
Hi Ho Silver,https://www.lushusa.com/dw/image/v2/AAHL_PRD/on/demandware.static/-/Sites-lushcosmetics-export/default/dwe83d6a88/images/product/09136.jpg?sw=280
,
Figaro Figaro,https://www.lushusa.com/dw/image/v2/AAHL_PRD/on/demandware.static/-/Sites-lushcosmetics-export/default/dw8fde0964/images/product/09134.jpg?sw=280
,
Peng,https://www.lushusa.com/dw/image/v2/AAHL_PRD/on/demandware.static/-/Sites-lushcosmetics-export/default/dw3bb0894f/images/product/09137.jpg?sw=280
,
Splash,https://www.lushusa.com/dw/image/v2/AAHL_PRD/on/demandware.static/-/Sites-lushcosmetics-export/default/dw101f4ad3/images/product/09139.jpg?sw=280
,
Kappa,https://www.lushusa.com/dw/image/v2/AAHL_PRD/on/demandware.static/-/Sites-lushcosmetics-export/default/dwfeb15b89/images/product/09250.jpg?sw=280
,
Magma,https://www.lushusa.com/dw/image/v2/AAHL_PRD/on/demandware.static/-/Sites-lushcosmetics-export/default/dw9fc1ada8/images/product/09249.jpg?sw=280
,
Turmeric Latte,https://www.lushusa.com/dw/image/v2/AAHL_PRD/on/demandware.static/-/Sites-lushcosmetics-export/default/dw4a894b51/images/product/09246.jpg?sw=280
,
Fairy Trumpets,https://www.lushusa.com/dw/image/v2/AAHL_PRD/on/demandware.static/-/Sites-lushcosmetics-export/default/dw3a329280/images/product/09307.jpg?sw=280
,
Sushi,https://www.lushusa.com/dw/image/v2/AAHL_PRD/on/demandware.static/-/Sites-lushcosmetics-export/default/dwa0eb5dc1/images/product/09230.jpg?sw=280
,
Deep Sleep,https://www.lushusa.com/dw/image/v2/AAHL_PRD/on/demandware.static/-/Sites-lushcosmetics-export/default/dwbe730bcd/images/product/09208.jpg?sw=280
,
Karma Yantra,https://www.lushusa.com/dw/image/v2/AAHL_PRD/on/demandware.static/-/Sites-lushcosmetics-export/default/dw065f097a/images/product/09308.jpg?sw=280
,
Marshmallow World,https://www.lushusa.com/dw/image/v2/AAHL_PRD/on/demandware.static/-/Sites-lushcosmetics-export/default/dwa5e39fd1/images/product/09247.jpg?sw=280
,
Melusine,https://www.lushusa.com/dw/image/v2/AAHL_PRD/on/demandware.static/-/Sites-lushcosmetics-export/default/dw2c433174/images/product/09248.jpg?sw=280
,
Honey I washed the Kids,https://www.lushusa.com/dw/image/v2/AAHL_PRD/on/demandware.static/-/Sites-lushcosmetics-export/default/dw5659e50c/images/product/09232.jpg?sw=280
,
The Olive Branch,https://www.lushusa.com/dw/image/v2/AAHL_PRD/on/demandware.static/-/Sites-lushcosmetics-export/default/dw1fd74a11/images/product/09238.jpg?sw=280
,
Yuzu and Cocoa,https://www.lushusa.com/dw/image/v2/AAHL_PRD/on/demandware.static/-/Sites-lushcosmetics-export/default/dwdf32ce0d/images/product/09239.jpg?sw=280
,
Tender is the Night,https://www.lushusa.com/dw/image/v2/AAHL_PRD/on/demandware.static/-/Sites-lushcosmetics-export/default/dw063c64fa/images/product/09235.jpg?sw=280
,
Blackberry Bath Bomb,https://www.lushusa.com/dw/image/v2/AAHL_PRD/on/demandware.static/-/Sites-lushcosmetics-export/default/dw614edaf3/images/product/09280.jpg?sw=280
,
Golden Pear,https://www.lushusa.com/dw/image/v2/AAHL_PRD/on/demandware.static/-/Sites-lushcosmetics-export/default/dw9015cab8/images/product/09234.jpg?sw=280
,
The Comforter,https://www.lushusa.com/dw/image/v2/AAHL_PRD/on/demandware.static/-/Sites-lushcosmetics-export/default/dwecc57e4a/images/product/09237.jpg?sw=280
,
Blue Skies and Fluffy White Clouds,https://www.lushusa.com/dw/image/v2/AAHL_PRD/on/demandware.static/-/Sites-lushcosmetics-export/default/dw417b40b9/images/product/09240.jpg?sw=280
,
So White,https://www.lushusa.com/dw/image/v2/AAHL_PRD/on/demandware.static/-/Sites-lushcosmetics-export/default/dw59b50e53/images/product/09236.jpg?sw=280
,
Calavera,https://www.lushusa.com/dw/image/v2/AAHL_PRD/on/demandware.static/-/Sites-lushcosmetics-export/default/dw29fbc8c8/images/product/09231.jpg?sw=280
,
Magic,https://www.lushusa.com/dw/image/v2/AAHL_PRD/on/demandware.static/-/Sites-lushcosmetics-export/default/dwd5e45ef7/images/product/09311.jpg?sw=280
,
Geo Phyzz,https://www.lushusa.com/dw/image/v2/AAHL_PRD/on/demandware.static/-/Sites-lushcosmetics-export/default/dwfcd47ab8/images/product/09309.jpg?sw=280
,
Chocomint,https://www.lushusa.com/dw/image/v2/AAHL_PRD/on/demandware.static/-/Sites-lushcosmetics-export/default/dw4d29ba7f/images/product/09242.jpg?sw=280
,
Bom Perignon,https://www.lushusa.com/dw/image/v2/AAHL_PRD/on/demandware.static/-/Sites-lushcosmetics-export/default/dwb5c93423/images/product/09241.jpg?sw=280
,
Youki Hi,https://www.lushusa.com/dw/image/v2/AAHL_PRD/on/demandware.static/-/Sites-lushcosmetics-export/default/dw308b73fd/images/product/09243.jpg?sw=280
,
Ne Worry Pas,https://www.lushusa.com/dw/image/v2/AAHL_PRD/on/demandware.static/-/Sites-lushcosmetics-export/default/dw521762d8/images/product/09245.jpg?sw=280
,
Tea and Sympathy,https://www.lushusa.com/dw/image/v2/AAHL_PRD/on/demandware.static/-/Sites-lushcosmetics-export/default/dw4ec2e592/images/product/09244.jpg?sw=280
,
Yog Nog,https://www.lushusa.com/dw/image/v2/AAHL_PRD/on/demandware.static/-/Sites-lushcosmetics-export/default/dwe79b6714/images/product/09233.jpg?sw=280
,
Fairy Jasmine,https://www.lushusa.com/dw/image/v2/AAHL_PRD/on/demandware.static/-/Sites-lushcosmetics-export/default/dw08e3e295/images/product/09310.jpg?sw=280
,
Avobath,https://www.lushusa.com/dw/image/v2/AAHL_PRD/on/demandware.static/-/Sites-lushcosmetics-export/default/dw4320896a/images/product/00052.jpg?sw=280
,
Big Blue,https://www.lushusa.com/dw/image/v2/AAHL_PRD/on/demandware.static/-/Sites-lushcosmetics-export/default/dw23a08979/images/product/00032.jpg?sw=280
,
Butterball,https://www.lushusa.com/dw/image/v2/AAHL_PRD/on/demandware.static/-/Sites-lushcosmetics-export/default/dwddb24ce2/images/product/00012.jpg?sw=280
,
Cheer Up Buttercup,https://www.lushusa.com/dw/image/v2/AAHL_PRD/on/demandware.static/-/Sites-lushcosmetics-export/default/dwf6b1eb51/images/product/07388.jpg?sw=280
,
Dragonâ€™s Egg,https://www.lushusa.com/dw/image/v2/AAHL_PRD/on/demandware.static/-/Sites-lushcosmetics-export/default/dwbd3416d2/images/product/03154.jpg?sw=280
,
Guardian of the Forest,https://www.lushusa.com/dw/image/v2/AAHL_PRD/on/demandware.static/-/Sites-lushcosmetics-export/default/dwc96b5865/images/product/05992.png?sw=280
,
Ickle Baby Bot,https://www.lushusa.com/dw/image/v2/AAHL_PRD/on/demandware.static/-/Sites-lushcosmetics-export/default/dw1bb9337e/images/product/03083.jpg?sw=280
,
Intergalactic,https://www.lushusa.com/dw/image/v2/AAHL_PRD/on/demandware.static/-/Sites-lushcosmetics-export/default/dw2ca696d6/images/product/04031.jpg?sw=280
,
Little Bottle of Calm,https://www.lushusa.com/dw/image/v2/AAHL_PRD/on/demandware.static/-/Sites-lushcosmetics-export/default/dwc4b1ac26/images/product/08583.jpg?sw=280
,
Over And Over,https://www.lushusa.com/dw/image/v2/AAHL_PRD/on/demandware.static/-/Sites-lushcosmetics-export/default/dwfdcf1b51/images/product/07141.jpg?sw=280
,
Rocket Science,https://www.lushusa.com/dw/image/v2/AAHL_PRD/on/demandware.static/-/Sites-lushcosmetics-export/default/dw1fd5b7b1/images/product/07531.jpg?sw=280
,
Sakura,https://www.lushusa.com/dw/image/v2/AAHL_PRD/on/demandware.static/-/Sites-lushcosmetics-export/default/dw6436e1c4/images/product/02159.jpg?sw=280
,
Sex Bomb,https://www.lushusa.com/dw/image/v2/AAHL_PRD/on/demandware.static/-/Sites-lushcosmetics-export/default/dw0084f5c3/images/product/00157.jpg?sw=280
,
The Experimenter,https://www.lushusa.com/dw/image/v2/AAHL_PRD/on/demandware.static/-/Sites-lushcosmetics-export/default/dwe5d1d39d/images/product/05996.jpg?sw=280
,
Think Pink,https://www.lushusa.com/dw/image/v2/AAHL_PRD/on/demandware.static/-/Sites-lushcosmetics-export/default/dwba7f0f52/images/product/07356.jpg?sw=280
,
Twilight,https://www.lushusa.com/dw/image/v2/AAHL_PRD/on/demandware.static/-/Sites-lushcosmetics-export/default/dw524c53d9/images/product/03157.jpg?sw=280
,
Metamorphosis,https://www.lushusa.com/dw/image/v2/AAHL_PRD/on/demandware.static/-/Sites-lushcosmetics-export/default/dw05c0a3e2/images/product/07139.png?sw=280
,
Under the Umbrella Tree,https://www.lushusa.com/dw/image/v2/AAHL_PRD/on/demandware.static/-/Sites-lushcosmetics-export/default/dwbc81c6cf/images/product/08584.jpg?sw=280
,
Yellow Submarine,https://www.lushusa.com/dw/image/v2/AAHL_PRD/on/demandware.static/-/Sites-lushcosmetics-export/default/dwa228e611/images/product/07392.jpg?sw=280
,
Secret Arts,https://www.lushusa.com/dw/image/v2/AAHL_PRD/on/demandware.static/-/Sites-lushcosmetics-export/default/dw7d5b2cf2/images/product/07556.jpg?sw=280
,
The Big Sleep,https://www.lushusa.com/dw/image/v2/AAHL_PRD/on/demandware.static/-/Sites-lushcosmetics-export/default/dw588a1849/images/product/07562.jpg?sw=280
,
Turtle,https://www.lushusa.com/dw/image/v2/AAHL_PRD/on/demandware.static/-/Sites-lushcosmetics-export/default/dw56811610/images/product/08117.jpg?sw=280
